country,Count,Percentage
PRT,48590,0.40698550967417707
GBR,12129,0.10159142306725856
FRA,10415,0.08723511181841025
ESP,8568,0.07176480442248094
DEU,7287,0.0610352625848061
ITA,3766,0.03154368037524081
IRL,3375,0.028268699221040288
BEL,2342,0.019616383281681884
BRA,2224,0.018628025797805512
NLD,2104,0.017622916492168524
USA,2097,0.017564285116006367
CHE,1730,0.014490325822933244
CN,1279,0.01071279001591423
AUT,1263,0.0105787754418293
SWE,1024,0.00857693274143563
CHN,999,0.008367534969427924
POL,919,0.007697462099003267
ISR,669,0.005603484378926208
RUS,632,0.005293575676354804
NOR,607,0.005084177904347098
ROU,500,0.004187955440154116
,488,0.004087444509590418
FIN,447,0.0037440321634977804
DNK,435,0.0036435212329340816
AUS,426,0.0035681380350113074
AGO,362,0.0030320797386715805
LUX,287,0.002403886422648463
MAR,259,0.0021693609179998324
TUR,248,0.002077225898316442
HUN,230,0.0019264595024708936
ARG,214,0.0017924449283859619
JPN,197,0.001650054443420722
CZE,171,0.001432280760532708
IND,152,0.0012731384538068515
KOR,133,0.001113996147080995
GRC,128,0.0010721165926794538
DZA,103,0.0008627188206717481
SRB,101,0.0008459669989111316
HRV,100,0.0008375910880308234
MEX,85,0.0007119524248261999
IRN,83,0.0006952006030655833
EST,83,0.0006952006030655833
LTU,81,0.0006784487813049669
ZAF,80,0.0006700728704246586
BGR,75,0.0006281933160231175
NZL,74,0.0006198174051428093
COL,71,0.0005946896725018846
UKR,68,0.0005695619398609599
MOZ,67,0.0005611860289806516
CHL,65,0.0005444342072200352
SVK,65,0.0005444342072200352
THA,59,0.0004941787419381858
ISL,57,0.0004774269201775693
SVN,57,0.0004774269201775693
LVA,55,0.0004606750984169528
ARE,51,0.0004271714548957199
CYP,51,0.0004271714548957199
TWN,51,0.0004271714548957199
SAU,48,0.0004020437222547952
PHL,40,0.0003350364352123293
TUN,39,0.0003266605243320211
SGP,39,0.0003266605243320211
IDN,35,0.00029315688081078817
NGA,34,0.00028478096993047995
EGY,32,0.00026802914816986345
URY,32,0.00026802914816986345
LBN,31,0.00025965323728955524
PER,29,0.00024290141552893877
HKG,29,0.00024290141552893877
MYS,28,0.00023452550464863055
ECU,27,0.0002261495937683223
BLR,26,0.00021777368288801408
VEN,26,0.00021777368288801408
CPV,24,0.0002010218611273976
GEO,22,0.00018427003936678113
JOR,21,0.0001758941284864729
CRI,19,0.00015914230672585644
KAZ,19,0.00015914230672585644
OMN,18,0.0001507663958455482
GIB,18,0.0001507663958455482
MLT,18,0.0001507663958455482
AZE,17,0.00014239048496523997
MAC,16,0.00013401457408493173
KWT,16,0.00013401457408493173
QAT,15,0.0001256386632046235
IRQ,14,0.00011726275232431528
PAK,14,0.00011726275232431528
DOM,14,0.00011726275232431528
BIH,13,0.00010888684144400704
ALB,12,0.0001005109305636988
PRI,12,0.0001005109305636988
BGD,12,0.0001005109305636988
MDV,12,0.0001005109305636988
SEN,11,9.213501968339056e-05
BOL,10,8.375910880308233e-05
MKD,10,8.375910880308233e-05
CMR,10,8.375910880308233e-05
PAN,9,7.53831979227741e-05
TJK,9,7.53831979227741e-05
GNB,9,7.53831979227741e-05
VNM,8,6.700728704246586e-05
JEY,8,6.700728704246586e-05
CUB,8,6.700728704246586e-05
ARM,8,6.700728704246586e-05
LBY,8,6.700728704246586e-05
MUS,7,5.863137616215764e-05
LKA,7,5.863137616215764e-05
AND,7,5.863137616215764e-05
KEN,6,5.02554652818494e-05
JAM,6,5.02554652818494e-05
CIV,6,5.02554652818494e-05
CAF,5,4.1879554401541165e-05
BHR,5,4.1879554401541165e-05
MNE,5,4.1879554401541165e-05
FRO,5,4.1879554401541165e-05
SUR,5,4.1879554401541165e-05
TZA,5,4.1879554401541165e-05
MCO,4,3.350364352123293e-05
PRY,4,3.350364352123293e-05
ZWE,4,3.350364352123293e-05
GHA,4,3.350364352123293e-05
GTM,4,3.350364352123293e-05
UZB,4,3.350364352123293e-05
GAB,4,3.350364352123293e-05
BRB,4,3.350364352123293e-05
ETH,3,2.51277326409247e-05
TMP,3,2.51277326409247e-05
LIE,3,2.51277326409247e-05
BEN,3,2.51277326409247e-05
GGY,3,2.51277326409247e-05
SYR,3,2.51277326409247e-05
ABW,2,1.6751821760616466e-05
ATA,2,1.6751821760616466e-05
KNA,2,1.6751821760616466e-05
GLP,2,1.6751821760616466e-05
TGO,2,1.6751821760616466e-05
MWI,2,1.6751821760616466e-05
MYT,2,1.6751821760616466e-05
UGA,2,1.6751821760616466e-05
LAO,2,1.6751821760616466e-05
SYC,2,1.6751821760616466e-05
IMN,2,1.6751821760616466e-05
KHM,2,1.6751821760616466e-05
COM,2,1.6751821760616466e-05
SLV,2,1.6751821760616466e-05
STP,2,1.6751821760616466e-05
ZMB,2,1.6751821760616466e-05
RWA,2,1.6751821760616466e-05
NPL,1,8.375910880308233e-06
DJI,1,8.375910880308233e-06
VGB,1,8.375910880308233e-06
DMA,1,8.375910880308233e-06
BWA,1,8.375910880308233e-06
SDN,1,8.375910880308233e-06
FJI,1,8.375910880308233e-06
NIC,1,8.375910880308233e-06
NCL,1,8.375910880308233e-06
HND,1,8.375910880308233e-06
SMR,1,8.375910880308233e-06
UMI,1,8.375910880308233e-06
PLW,1,8.375910880308233e-06
MLI,1,8.375910880308233e-06
PYF,1,8.375910880308233e-06
MMR,1,8.375910880308233e-06
MRT,1,8.375910880308233e-06
ATF,1,8.375910880308233e-06
SLE,1,8.375910880308233e-06
LCA,1,8.375910880308233e-06
CYM,1,8.375910880308233e-06
NAM,1,8.375910880308233e-06
GUY,1,8.375910880308233e-06
AIA,1,8.375910880308233e-06
BDI,1,8.375910880308233e-06
BHS,1,8.375910880308233e-06
KIR,1,8.375910880308233e-06
MDG,1,8.375910880308233e-06
ASM,1,8.375910880308233e-06
BFA,1,8.375910880308233e-06
